run_at,n_oos,winrate,phi10,z10,phi15,z15,runsZ,ac1,buckets10
2026-06-08 00:43:32,0,,,,,,,,(n<30)
2026-06-08 06:00:02,44,0.5227,0.0,0.0,0.368,-0.45,-0.6,0.0683,1
2026-06-08 12:00:03,110,0.5455,1.715,1.01,1.639,1.11,-0.11,0.0024,5
2026-06-08 18:00:01,183,0.5301,1.28,0.52,1.178,0.45,0.72,-0.0578,8
2026-06-09 00:00:03,236,0.5169,1.118,0.24,1.045,0.12,0.41,-0.0309,9
2026-06-09 06:00:01,288,0.5104,0.996,-0.01,0.967,-0.1,0.13,-0.0109,10
2026-06-09 12:00:04,352,0.5085,0.992,-0.02,0.922,-0.23,-0.53,0.0253,10
2026-06-09 18:00:01,416,0.512,0.991,-0.02,0.967,-0.11,-1.27,0.0596,12
2026-06-10 00:00:02,475,0.5179,1.083,0.2,0.976,-0.08,-1.31,0.0577,13
2026-06-10 06:00:06,544,0.5239,1.106,0.29,0.979,-0.08,-1.06,0.0438,16
2026-06-10 12:00:02,599,0.5259,1.109,0.3,0.996,-0.02,-0.71,0.0276,16
2026-06-10 18:00:01,674,0.5252,0.997,-0.01,0.976,-0.1,-0.09,0.0019,18
2026-06-11 00:00:01,750,0.524,0.901,-0.31,1.001,0.0,-0.16,0.0045,21
2026-06-11 06:00:01,799,0.5257,0.904,-0.3,1.055,0.26,-0.17,0.005,21
2026-06-11 12:00:02,857,0.5344,0.919,-0.25,1.063,0.3,-0.31,0.0095,21
2026-06-11 18:00:01,918,0.537,0.882,-0.38,1.019,0.09,-0.63,0.0197,22
2026-06-12 00:00:01,979,0.5393,0.85,-0.5,1.008,0.04,-0.55,0.0165,23
2026-06-12 06:00:01,1037,0.5381,0.848,-0.5,0.991,-0.05,-0.66,0.0194,23
2026-06-12 12:00:01,1083,0.5319,0.838,-0.54,0.981,-0.1,-0.75,0.0219,23
2026-06-12 18:00:02,1132,0.5292,0.834,-0.55,0.964,-0.19,-0.6,0.0171,23
2026-06-13 00:00:01,1192,0.526,0.83,-0.56,0.965,-0.19,-0.95,0.0268,23
2026-06-13 06:00:02,1248,0.5248,0.809,-0.66,1.055,0.3,-0.93,0.0257,25
2026-06-13 12:00:02,1336,0.5299,0.828,-0.64,1.1,0.58,-0.97,0.0258,29
2026-06-13 18:00:01,1401,0.5253,0.817,-0.68,1.089,0.52,-0.84,0.0218,29
2026-06-14 00:00:01,1473,0.5282,0.799,-0.8,1.118,0.71,-1.05,0.0269,33
2026-06-14 06:00:02,1524,0.523,0.795,-0.83,1.097,0.6,-1.0,0.0248,34
2026-06-14 12:00:02,1588,0.522,0.74,-1.1,1.075,0.47,-1.28,0.0315,37
2026-06-14 18:00:01,1650,0.5236,0.742,-1.1,1.072,0.47,-1.44,0.0349,37
2026-06-15 00:00:03,1709,0.5225,0.74,-1.1,1.085,0.55,-1.44,0.0343,37
2026-06-15 06:00:01,1782,0.5253,0.698,-1.33,1.05,0.33,-1.32,0.0306,40
2026-06-15 12:00:04,1835,0.5243,0.697,-1.34,1.05,0.34,-1.37,0.0316,40
2026-06-15 18:00:01,1900,0.5232,0.686,-1.41,1.055,0.38,-1.01,0.0227,41
2026-06-16 00:00:07,1969,0.5226,0.708,-1.35,1.057,0.4,-1.24,0.0275,44
2026-06-16 06:00:02,2029,0.5205,0.842,-0.75,1.124,0.89,-1.55,0.0339,46
2026-06-16 12:00:01,2091,0.5218,0.844,-0.74,1.134,0.97,-1.25,0.0269,46
2026-06-16 18:00:01,2154,0.5204,0.842,-0.77,1.134,0.99,-1.09,0.023,48
2026-06-17 00:00:17,2215,0.5205,0.86,-0.69,1.133,0.98,-1.09,0.0228,50
2026-06-17 06:00:03,2272,0.5194,0.859,-0.7,1.117,0.88,-1.19,0.0245,50
2026-06-17 12:00:01,2342,0.5184,0.864,-0.69,1.105,0.8,-0.85,0.017,52
2026-06-17 18:00:13,2400,0.5183,0.853,-0.75,1.096,0.74,-0.51,0.0099,53
2026-06-18 00:00:03,2450,0.5176,0.828,-0.9,1.073,0.57,-0.3,0.0057,55
2026-06-18 06:00:01,2502,0.5164,0.848,-0.8,1.107,0.85,-0.23,0.0042,56
2026-06-18 12:00:01,2555,0.5155,0.834,-0.88,1.094,0.75,-0.01,-0.0001,57
2026-06-18 18:00:01,2614,0.5164,0.836,-0.88,1.09,0.72,0.17,-0.0037,59
2026-06-19 00:00:04,2682,0.5164,0.815,-1.01,1.069,0.56,0.33,-0.0067,61
2026-06-19 06:00:01,2736,0.5161,0.815,-1.01,1.063,0.52,0.4,-0.008,61
2026-06-19 12:00:02,2784,0.5147,0.814,-1.02,1.057,0.47,0.43,-0.0084,61
2026-06-19 18:00:01,2840,0.5137,0.813,-1.03,1.048,0.4,0.42,-0.0081,61
2026-06-20 00:00:31,2885,0.5151,0.833,-0.92,1.051,0.43,0.33,-0.0064,62
2026-06-20 06:00:01,2936,0.514,0.832,-0.93,1.046,0.38,0.15,-0.0032,62
2026-06-20 12:00:01,3001,0.5155,0.852,-0.82,1.021,0.18,0.22,-0.0043,63
2026-06-20 18:00:02,3057,0.5146,0.851,-0.83,1.01,0.08,0.14,-0.0028,63
2026-06-21 00:00:01,3123,0.5139,0.841,-0.89,0.996,-0.03,0.2,-0.004,64
2026-06-21 06:00:11,3184,0.5119,0.838,-0.91,0.986,-0.12,0.03,-0.0009,64
2026-06-21 12:00:03,3227,0.5116,0.838,-0.91,0.981,-0.17,-0.13,0.0019,64
2026-06-21 18:00:04,3274,0.5131,0.915,-0.48,1.016,0.14,-0.28,0.0045,65
2026-06-22 00:00:02,3323,0.5125,0.913,-0.5,1.015,0.13,-0.26,0.0042,66
2026-06-22 06:00:01,3381,0.5129,0.913,-0.5,1.012,0.11,-0.08,0.0011,66
2026-06-22 12:00:02,3435,0.513,0.892,-0.63,1.005,0.04,0.12,-0.0024,68
2026-06-22 18:00:03,3497,0.5122,0.891,-0.63,1.028,0.25,0.05,-0.0012,68
2026-06-23 00:00:01,3537,0.5117,0.891,-0.63,1.022,0.2,0.08,-0.0017,68
2026-06-23 06:00:03,3583,0.5119,0.891,-0.63,1.019,0.18,0.12,-0.0022,68
2026-06-23 12:00:01,3625,0.5103,0.918,-0.48,1.015,0.13,0.14,-0.0026,69
2026-06-23 18:00:01,3666,0.5098,0.917,-0.48,1.015,0.14,0.02,-0.0007,69
2026-06-24 00:00:01,3695,0.5096,0.917,-0.48,1.015,0.14,-0.03,0.0002,69
2026-06-24 06:00:01,3720,0.5094,0.917,-0.48,1.015,0.14,-0.01,-0.0001,69
2026-06-24 12:00:01,3758,0.5096,0.917,-0.48,1.015,0.14,-0.01,-0.0001,69
2026-06-24 18:00:01,3784,0.51,0.918,-0.48,1.015,0.14,-0.07,0.0009,69
2026-06-25 00:00:23,3806,0.5089,0.916,-0.49,1.015,0.14,-0.14,0.0021,69
2026-06-25 06:00:01,3832,0.5089,0.916,-0.49,1.015,0.14,-0.14,0.002,69
2026-06-25 12:00:03,3863,0.5087,0.916,-0.49,1.016,0.14,0.03,-0.0008,69
2026-06-25 18:00:02,3888,0.5085,0.916,-0.49,1.016,0.14,0.05,-0.0011,69
2026-06-26 00:00:29,3910,0.5074,0.915,-0.5,1.016,0.15,0.05,-0.001,69
2026-06-26 06:00:01,3937,0.5062,0.914,-0.5,1.017,0.16,0.03,-0.0007,69
2026-06-26 12:00:02,3964,0.5061,0.913,-0.5,1.017,0.16,0.04,-0.0009,69
2026-06-26 18:00:03,4001,0.5056,0.913,-0.51,1.023,0.21,-0.01,-0.0001,69
2026-06-27 00:00:02,4025,0.5056,0.913,-0.51,1.023,0.21,-0.1,0.0014,69
2026-06-27 06:00:09,4057,0.5046,0.912,-0.51,1.023,0.21,-0.17,0.0024,69
2026-06-27 12:00:03,4099,0.504,0.912,-0.52,1.019,0.17,-0.17,0.0024,69
2026-06-27 18:00:04,4123,0.503,0.911,-0.52,1.015,0.14,-0.23,0.0034,69
2026-06-28 00:01:24,4155,0.5023,0.91,-0.52,1.01,0.09,-0.29,0.0043,69
2026-06-28 06:00:04,4186,0.5014,0.91,-0.53,1.011,0.1,-0.18,0.0026,69
2026-06-28 12:00:04,4208,0.501,0.909,-0.53,1.006,0.06,-0.18,0.0026,69
2026-06-28 18:00:11,4242,0.5007,0.909,-0.53,1.002,0.02,-0.12,0.0016,69
2026-06-29 00:00:01,4269,0.5008,0.909,-0.53,1.002,0.02,-0.08,0.0009,69
2026-06-29 06:00:05,4301,0.4999,0.908,-0.53,1.002,0.02,-0.23,0.0033,69
2026-06-29 12:00:01,4334,0.5002,0.909,-0.53,1.002,0.02,-0.15,0.0021,69
2026-06-29 18:00:01,4366,0.5005,0.909,-0.53,1.002,0.02,-0.27,0.0039,69
2026-06-30 00:00:02,4392,0.5005,0.899,-0.6,0.997,-0.02,-0.33,0.0048,70
2026-06-30 06:00:02,4430,0.5007,0.899,-0.6,0.988,-0.11,-0.27,0.0038,70
2026-06-30 12:00:02,4457,0.5008,0.899,-0.59,0.988,-0.11,-0.25,0.0036,70
2026-06-30 18:00:05,4491,0.5014,0.896,-0.62,0.988,-0.12,-0.28,0.004,71
2026-07-01 00:00:02,4537,0.5003,0.895,-0.62,0.984,-0.15,-0.25,0.0035,71
2026-07-01 06:00:05,4589,0.5016,0.896,-0.62,0.983,-0.16,-0.19,0.0026,71
2026-07-01 12:00:02,4628,0.5009,0.895,-0.62,0.984,-0.15,-0.26,0.0037,71
2026-07-01 18:00:01,4673,0.5003,0.895,-0.62,0.984,-0.15,-0.22,0.003,71
2026-07-02 00:00:33,4733,0.5003,0.885,-0.68,0.98,-0.19,-0.31,0.0042,72
2026-07-02 06:00:02,4795,0.4995,0.873,-0.77,0.976,-0.23,-0.39,0.0054,74
2026-07-02 12:00:09,4847,0.4997,0.873,-0.77,0.971,-0.28,-0.19,0.0025,74
2026-07-02 18:00:01,4903,0.4983,0.854,-0.9,0.969,-0.3,-0.18,0.0024,76
2026-07-03 00:00:20,4952,0.4998,0.867,-0.82,0.993,-0.07,-0.23,0.003,77
2026-07-03 06:00:03,5005,0.4985,0.867,-0.82,0.994,-0.05,-0.35,0.0048,77
2026-07-03 12:00:04,5059,0.4989,0.879,-0.75,0.992,-0.07,-0.52,0.0071,78
2026-07-03 18:00:05,5112,0.4977,0.869,-0.82,0.992,-0.08,-0.53,0.0072,79
2026-07-04 00:00:02,5159,0.4968,0.869,-0.82,0.988,-0.11,-0.37,0.005,79
2026-07-04 06:00:01,5216,0.4958,0.871,-0.82,0.987,-0.13,-0.47,0.0063,81
2026-07-04 12:00:01,5257,0.4955,0.871,-0.82,0.988,-0.12,-0.37,0.0049,81
2026-07-04 18:00:01,5309,0.4944,0.867,-0.84,0.977,-0.23,-0.42,0.0055,82
2026-07-05 00:00:01,5358,0.4942,0.86,-0.9,0.981,-0.19,-0.43,0.0057,83
2026-07-05 06:00:02,5416,0.4937,0.857,-0.92,0.978,-0.22,-0.21,0.0026,84
2026-07-05 12:00:01,5473,0.495,0.857,-0.92,0.981,-0.19,-0.2,0.0025,84
2026-07-05 18:00:01,5527,0.4947,0.841,-1.03,0.973,-0.28,-0.14,0.0017,86
2026-07-06 00:00:01,5589,0.4944,0.834,-1.09,0.961,-0.41,-0.08,0.0009,87
2026-07-06 06:00:02,5641,0.4944,0.834,-1.09,0.965,-0.36,-0.11,0.0013,87
2026-07-06 12:00:01,5694,0.4951,0.834,-1.09,0.972,-0.29,-0.28,0.0036,87
2026-07-06 18:00:02,5746,0.4956,0.834,-1.09,0.968,-0.33,-0.31,0.0039,87
2026-07-07 00:00:01,5810,0.4955,0.827,-1.14,0.96,-0.42,-0.28,0.0035,88
2026-07-07 06:00:02,5867,0.4963,0.827,-1.14,0.958,-0.44,-0.32,0.004,88
2026-07-07 12:00:02,5912,0.4956,0.838,-1.08,0.97,-0.32,-0.49,0.0062,89
2026-07-07 18:00:01,5963,0.4947,0.828,-1.15,0.963,-0.39,-0.42,0.0053,90
2026-07-08 00:00:01,6010,0.4957,0.828,-1.15,0.956,-0.47,-0.51,0.0064,90
2026-07-08 06:00:04,6054,0.4954,0.821,-1.2,0.953,-0.5,-0.51,0.0064,91
2026-07-08 12:00:02,6102,0.4956,0.812,-1.27,0.952,-0.52,-0.43,0.0053,92
2026-07-08 18:00:01,6157,0.4959,0.812,-1.27,0.952,-0.52,-0.42,0.0051,92
2026-07-09 00:00:01,6217,0.4964,0.813,-1.26,0.952,-0.52,-0.31,0.0038,92
2026-07-09 06:00:02,6259,0.4966,0.812,-1.28,0.948,-0.56,-0.24,0.0028,93
2026-07-09 12:00:01,6305,0.4966,0.812,-1.28,0.948,-0.56,-0.19,0.0022,93
2026-07-09 18:00:01,6366,0.4964,0.823,-1.21,0.955,-0.48,0.0,-0.0002,94
2026-07-10 00:00:01,6418,0.4966,0.814,-1.28,0.949,-0.56,-0.02,0.0001,95
2026-07-10 06:00:02,6464,0.4966,0.808,-1.33,0.953,-0.51,0.05,-0.0008,96
2026-07-10 12:00:01,6524,0.4959,0.795,-1.43,0.949,-0.56,0.03,-0.0005,98
2026-07-10 18:00:01,6575,0.4957,0.794,-1.43,0.946,-0.59,0.09,-0.0013,98
2026-07-11 00:00:01,6630,0.4944,0.794,-1.43,0.947,-0.58,-0.06,0.0006,98
2026-07-11 06:00:01,6679,0.4935,0.803,-1.38,0.951,-0.54,-0.02,0.0001,99
2026-07-11 12:00:01,6722,0.4935,0.803,-1.38,0.955,-0.5,-0.06,0.0006,99
2026-07-11 18:00:01,6777,0.4934,0.803,-1.38,0.951,-0.54,-0.05,0.0004,99
2026-07-12 00:00:01,6832,0.493,0.801,-1.4,0.955,-0.5,-0.06,0.0005,100
2026-07-12 06:00:01,6890,0.493,0.805,-1.38,0.945,-0.62,-0.03,0.0002,102
2026-07-12 12:00:01,6937,0.493,0.799,-1.43,0.938,-0.7,0.08,-0.0011,103
2026-07-12 18:00:02,6989,0.4932,0.799,-1.43,0.937,-0.71,0.12,-0.0016,103
2026-07-13 00:00:01,7035,0.4932,0.799,-1.43,0.937,-0.71,0.12,-0.0016,103
2026-07-13 06:00:01,7079,0.4936,0.799,-1.43,0.937,-0.71,0.1,-0.0013,103
2026-07-13 12:00:01,7142,0.4937,0.812,-1.35,0.932,-0.77,0.32,-0.0039,105
2026-07-13 18:00:02,7199,0.4931,0.804,-1.42,0.924,-0.86,0.29,-0.0035,106
2026-07-14 00:00:01,7251,0.4936,0.804,-1.42,0.92,-0.91,0.33,-0.004,106
2026-07-14 06:00:02,7301,0.4946,0.845,-1.13,0.937,-0.72,0.28,-0.0034,107
2026-07-14 12:00:04,7356,0.4946,0.845,-1.13,0.929,-0.82,0.2,-0.0024,107
2026-07-14 18:00:02,7413,0.4945,0.828,-1.27,0.922,-0.91,0.21,-0.0025,110
2026-07-15 00:00:01,7478,0.4947,0.819,-1.35,0.931,-0.81,0.31,-0.0037,113
2026-07-15 06:00:01,7516,0.4947,0.819,-1.35,0.931,-0.81,0.36,-0.0042,113
2026-07-15 12:00:01,7566,0.4956,0.819,-1.35,0.933,-0.78,0.24,-0.0029,113
2026-07-15 18:00:02,7615,0.4967,0.817,-1.37,0.949,-0.6,0.22,-0.0027,114
2026-07-16 00:00:01,7658,0.4962,0.826,-1.32,0.955,-0.53,0.33,-0.0038,115
2026-07-16 06:00:01,7694,0.4961,0.826,-1.32,0.955,-0.53,0.3,-0.0036,115
2026-07-16 12:00:02,7737,0.4959,0.826,-1.32,0.955,-0.53,0.31,-0.0037,115
2026-07-16 18:00:01,7780,0.4959,0.826,-1.32,0.956,-0.53,0.32,-0.0038,115
2026-07-17 00:00:01,7843,0.496,0.819,-1.37,0.95,-0.6,0.24,-0.0029,116
2026-07-17 06:00:02,7889,0.4951,0.819,-1.37,0.951,-0.59,0.24,-0.0029,116
2026-07-17 12:00:02,7941,0.4953,0.819,-1.37,0.95,-0.6,0.29,-0.0034,116
2026-07-17 18:00:02,7986,0.4957,0.814,-1.42,0.947,-0.64,0.32,-0.0037,117
2026-07-18 00:00:40,8031,0.4965,0.814,-1.42,0.946,-0.65,0.26,-0.003,117
2026-07-18 06:00:02,8063,0.4958,0.814,-1.42,0.944,-0.67,0.31,-0.0035,117
2026-07-18 12:00:02,8115,0.4957,0.814,-1.42,0.944,-0.67,0.26,-0.003,117
2026-07-18 18:00:01,8159,0.4965,0.814,-1.42,0.943,-0.68,0.28,-0.0032,117
2026-07-19 00:00:32,8205,0.4962,0.817,-1.41,0.941,-0.71,0.33,-0.0037,119
2026-07-19 06:00:02,8258,0.4966,0.823,-1.37,0.942,-0.7,0.38,-0.0043,121
2026-07-19 12:00:01,8309,0.4967,0.823,-1.37,0.942,-0.7,0.34,-0.0039,121
2026-07-19 18:00:02,8370,0.4964,0.813,-1.46,0.939,-0.74,0.16,-0.0018,123
2026-07-20 00:00:05,8421,0.4967,0.812,-1.47,0.933,-0.81,0.06,-0.0008,124
2026-07-20 06:00:03,8475,0.4971,0.82,-1.42,0.93,-0.86,0.01,-0.0003,125
2026-07-20 12:00:04,8526,0.4971,0.815,-1.47,0.924,-0.93,-0.08,0.0008,126
2026-07-20 18:00:01,8574,0.4973,0.815,-1.46,0.935,-0.8,-0.08,0.0008,126
2026-07-21 00:00:02,8626,0.4972,0.815,-1.47,0.933,-0.83,-0.13,0.0012,126
2026-07-21 06:00:01,8668,0.4977,0.81,-1.51,0.932,-0.83,-0.17,0.0017,127
2026-07-21 12:00:03,8717,0.498,0.81,-1.51,0.927,-0.9,-0.12,0.0011,127
2026-07-21 18:00:01,8761,0.4983,0.81,-1.51,0.925,-0.93,-0.05,0.0004,127
2026-07-22 00:00:02,8808,0.4986,0.811,-1.5,0.924,-0.94,0.02,-0.0003,127
2026-07-22 06:00:01,8864,0.4988,0.818,-1.45,0.922,-0.97,0.0,-0.0001,128
2026-07-22 12:00:02,8924,0.4989,0.86,-1.13,0.919,-1.0,0.02,-0.0003,131
2026-07-22 18:00:01,8977,0.4996,0.867,-1.07,0.924,-0.94,-0.01,-0.0,132
2026-07-23 00:00:01,9030,0.4994,0.869,-1.06,0.93,-0.87,0.04,-0.0006,134
2026-07-23 06:00:01,9079,0.5001,0.876,-1.01,0.932,-0.84,0.12,-0.0013,135
2026-07-23 12:00:01,9128,0.5004,0.876,-1.01,0.935,-0.81,0.21,-0.0023,135
2026-07-23 18:00:01,9176,0.4998,0.871,-1.06,0.936,-0.8,0.17,-0.0019,136
2026-07-24 00:00:02,9219,0.4999,0.871,-1.06,0.936,-0.81,0.11,-0.0013,136
2026-07-24 06:00:02,9262,0.5004,0.871,-1.06,0.938,-0.78,0.15,-0.0016,136
2026-07-24 12:00:02,9322,0.5011,0.88,-1.0,0.934,-0.83,0.27,-0.0029,139
2026-07-24 18:00:01,9373,0.5015,0.903,-0.81,0.939,-0.78,0.28,-0.003,141
2026-07-25 00:00:03,9418,0.5008,0.903,-0.81,0.942,-0.74,0.14,-0.0016,141
2026-07-25 06:00:01,9446,0.5006,0.903,-0.81,0.942,-0.74,0.19,-0.002,141
2026-07-25 12:00:01,9478,0.5005,0.903,-0.81,0.942,-0.74,0.21,-0.0022,141
2026-07-25 18:00:02,9528,0.5006,0.898,-0.86,0.941,-0.75,0.16,-0.0018,142
2026-07-26 00:00:01,9587,0.5006,0.893,-0.9,0.94,-0.77,0.24,-0.0025,143
2026-07-26 06:00:01,9627,0.5006,0.893,-0.9,0.943,-0.74,0.17,-0.0019,143
2026-07-26 12:00:02,9665,0.5009,0.893,-0.9,0.942,-0.74,0.17,-0.0019,143
2026-07-26 18:00:02,9715,0.501,0.888,-0.94,0.946,-0.71,0.25,-0.0027,144
2026-07-27 00:00:01,9774,0.5006,0.889,-0.95,0.949,-0.66,0.2,-0.0022,146
2026-07-27 06:00:01,9828,0.5005,0.889,-0.95,0.949,-0.66,0.28,-0.003,146
2026-07-27 12:00:02,9880,0.5001,0.889,-0.95,0.949,-0.66,0.32,-0.0033,146
2026-07-27 18:00:02,9932,0.5001,0.89,-0.94,0.952,-0.62,0.34,-0.0035,148
2026-07-28 00:00:06,9982,0.5003,0.89,-0.94,0.955,-0.59,0.3,-0.0031,148
2026-07-28 06:00:04,10035,0.5002,0.89,-0.94,0.966,-0.45,0.23,-0.0024,148
2026-07-28 12:00:01,10082,0.5007,0.89,-0.94,0.965,-0.46,0.28,-0.0029,148
2026-07-28 18:00:01,10135,0.5005,0.89,-0.94,0.961,-0.51,0.31,-0.0032,148
2026-07-29 00:00:01,10176,0.5001,0.89,-0.94,0.959,-0.54,0.36,-0.0036,148
2026-07-29 06:00:01,10219,0.4999,0.896,-0.89,0.96,-0.53,0.39,-0.0039,149
2026-07-29 12:00:01,10256,0.4999,0.896,-0.89,0.957,-0.56,0.45,-0.0046,149
2026-07-29 18:00:02,10304,0.5002,0.896,-0.89,0.962,-0.51,0.39,-0.004,149
2026-07-30 00:00:02,10343,0.5001,0.896,-0.89,0.96,-0.53,0.42,-0.0043,149
2026-07-30 06:00:02,10388,0.5002,0.896,-0.89,0.96,-0.54,0.47,-0.0047,149
2026-07-30 12:00:02,10435,0.5004,0.902,-0.84,0.961,-0.52,0.46,-0.0046,150
2026-07-30 18:00:02,10484,0.5,0.902,-0.84,0.964,-0.48,0.45,-0.0045,150
2026-07-31 00:00:01,10536,0.4998,0.898,-0.89,0.967,-0.45,0.45,-0.0045,151
2026-07-31 06:00:02,10579,0.4992,0.898,-0.89,0.965,-0.47,0.4,-0.004,151
2026-07-31 12:00:01,10618,0.4992,0.898,-0.89,0.965,-0.47,0.41,-0.0041,151
2026-07-31 18:00:02,10653,0.4992,0.898,-0.89,0.963,-0.5,0.4,-0.0039,151
2026-08-01 00:00:01,10701,0.4999,0.898,-0.89,0.958,-0.57,0.36,-0.0036,151
2026-08-01 06:00:02,10743,0.4994,0.904,-0.84,0.958,-0.56,0.3,-0.003,152
2026-08-01 12:00:01,10784,0.4995,0.899,-0.88,0.956,-0.59,0.29,-0.0029,153
2026-08-01 18:00:02,10832,0.4995,0.897,-0.9,0.954,-0.62,0.33,-0.0032,154
2026-08-02 00:00:01,10883,0.4999,0.903,-0.85,0.954,-0.63,0.35,-0.0035,155
2026-08-02 06:00:02,10930,0.5,0.899,-0.89,0.951,-0.66,0.33,-0.0032,156
2026-08-02 12:00:01,10979,0.5,0.9,-0.89,0.95,-0.69,0.31,-0.0031,158
2026-08-02 18:00:03,11034,0.5,0.9,-0.89,0.945,-0.75,0.46,-0.0044,158
2026-08-03 00:00:04,11082,0.5005,0.901,-0.88,0.947,-0.73,0.42,-0.0041,160
2026-08-03 06:00:01,11131,0.5009,0.903,-0.87,0.945,-0.76,0.45,-0.0043,162
2026-08-03 12:00:02,11159,0.5005,0.903,-0.87,0.95,-0.69,0.41,-0.0039,162
2026-08-03 18:00:01,11203,0.5009,0.903,-0.87,0.95,-0.69,0.31,-0.003,162
2026-08-04 00:00:01,11242,0.5012,0.903,-0.87,0.949,-0.7,0.26,-0.0026,162
2026-08-04 06:00:02,11284,0.5019,0.898,-0.92,0.945,-0.76,0.23,-0.0022,163
2026-08-04 12:00:02,11331,0.5013,0.898,-0.92,0.941,-0.81,0.33,-0.0032,163
2026-08-04 18:00:02,11387,0.5007,0.909,-0.83,0.944,-0.78,0.42,-0.004,166
2026-08-05 00:00:02,11435,0.5011,0.909,-0.83,0.942,-0.81,0.48,-0.0046,166
2026-08-05 06:00:02,11472,0.501,0.909,-0.83,0.942,-0.81,0.5,-0.0048,166
2026-08-05 12:00:01,11514,0.5013,0.909,-0.83,0.942,-0.81,0.41,-0.0039,166
2026-08-05 18:00:01,11554,0.5013,0.915,-0.78,0.942,-0.81,0.34,-0.0032,167
2026-08-06 00:00:02,11605,0.5011,0.92,-0.73,0.94,-0.83,0.25,-0.0024,168
2026-08-06 06:00:01,11664,0.5007,0.916,-0.77,0.936,-0.89,0.35,-0.0033,169
2026-08-06 12:00:01,11713,0.5013,0.914,-0.79,0.933,-0.94,0.34,-0.0033,170
2026-08-06 18:00:02,11754,0.5016,0.914,-0.79,0.931,-0.98,0.35,-0.0033,170
2026-08-07 00:00:01,11808,0.5017,0.914,-0.79,0.93,-0.98,0.37,-0.0035,170
2026-08-07 06:00:02,11856,0.5018,0.914,-0.79,0.929,-1.01,0.44,-0.0041,170
2026-08-07 12:00:02,11880,0.5019,0.914,-0.79,0.928,-1.01,0.42,-0.004,170
2026-08-07 18:00:01,11922,0.5018,0.914,-0.79,0.928,-1.01,0.44,-0.0041,170
2026-08-08 00:00:01,11961,0.5015,0.914,-0.79,0.931,-0.98,0.49,-0.0045,170
2026-08-08 06:00:01,12014,0.5017,0.914,-0.79,0.933,-0.95,0.49,-0.0046,170
2026-08-08 12:00:01,12066,0.5018,0.914,-0.79,0.943,-0.81,0.53,-0.0049,170
2026-08-08 18:00:01,12105,0.5021,0.915,-0.79,0.941,-0.84,0.59,-0.0055,170
2026-08-09 00:00:02,12160,0.502,0.92,-0.74,0.945,-0.78,0.53,-0.0049,171
2026-08-09 06:00:01,12208,0.502,0.916,-0.78,0.945,-0.79,0.62,-0.0057,172
2026-08-09 12:00:01,12248,0.5024,0.912,-0.82,0.941,-0.84,0.62,-0.0057,173
2026-08-09 18:00:01,12305,0.5023,0.907,-0.86,0.945,-0.79,0.62,-0.0057,174
2026-08-10 00:00:02,12354,0.5023,0.913,-0.81,0.946,-0.77,0.58,-0.0053,175
2026-08-10 06:00:02,12387,0.5026,0.913,-0.81,0.946,-0.77,0.62,-0.0057,175
2026-08-10 12:00:02,12435,0.5021,0.913,-0.82,0.945,-0.8,0.53,-0.0048,175
2026-08-10 18:00:01,12481,0.5022,0.913,-0.81,0.945,-0.8,0.51,-0.0047,175
2026-08-11 00:00:02,12525,0.5021,0.913,-0.81,0.945,-0.8,0.56,-0.0051,175
2026-08-11 06:00:01,12572,0.5015,0.936,-0.6,0.947,-0.76,0.48,-0.0044,176
2026-08-11 12:00:01,12622,0.5012,0.936,-0.6,0.944,-0.82,0.57,-0.0052,176
2026-08-11 18:00:02,12668,0.5011,0.936,-0.6,0.944,-0.82,0.55,-0.005,176
2026-08-12 00:00:01,12725,0.5007,0.94,-0.56,0.946,-0.78,0.58,-0.0052,177
2026-08-12 06:00:02,12770,0.5009,0.939,-0.58,0.944,-0.81,0.5,-0.0045,178
2026-08-12 12:00:01,12810,0.5011,0.939,-0.57,0.944,-0.81,0.6,-0.0054,178
2026-08-12 18:00:02,12853,0.501,0.939,-0.57,0.944,-0.81,0.56,-0.005,178
2026-08-13 00:00:01,12902,0.5014,0.939,-0.57,0.942,-0.84,0.55,-0.0049,178
2026-08-13 06:00:01,12948,0.5015,0.939,-0.57,0.942,-0.84,0.6,-0.0053,178
2026-08-13 12:00:01,12999,0.5016,0.939,-0.57,0.943,-0.83,0.57,-0.0051,178
2026-08-13 18:00:01,13057,0.5016,0.939,-0.57,0.939,-0.89,0.46,-0.0041,178
2026-08-14 00:00:01,13099,0.5013,0.935,-0.61,0.937,-0.92,0.48,-0.0043,179
2026-08-14 06:00:01,13149,0.5016,0.935,-0.61,0.937,-0.92,0.62,-0.0055,179
2026-08-14 12:00:02,13202,0.5016,0.935,-0.61,0.936,-0.94,0.45,-0.004,179
2026-08-14 18:00:02,13255,0.5015,0.935,-0.61,0.934,-0.97,0.41,-0.0036,179
2026-08-15 00:00:01,13312,0.5016,0.935,-0.61,0.93,-1.02,0.4,-0.0035,179
2026-08-15 06:00:01,13350,0.5016,0.93,-0.66,0.928,-1.06,0.47,-0.0041,180
2026-08-15 12:00:01,13391,0.5018,0.926,-0.7,0.928,-1.06,0.48,-0.0042,181
2026-08-15 18:00:01,13437,0.5019,0.922,-0.74,0.925,-1.11,0.48,-0.0042,182
2026-08-16 00:00:02,13495,0.5022,0.927,-0.7,0.925,-1.11,0.39,-0.0034,183
2026-08-16 06:00:01,13556,0.5027,0.922,-0.75,0.923,-1.15,0.47,-0.0041,184
2026-08-16 12:00:01,13601,0.5025,0.922,-0.75,0.921,-1.17,0.47,-0.0041,184
2026-08-16 18:00:01,13646,0.5026,0.927,-0.7,0.923,-1.14,0.45,-0.0039,185
2026-08-17 00:00:02,13683,0.5027,0.927,-0.7,0.923,-1.14,0.54,-0.0047,185
2026-08-17 06:00:02,13724,0.5031,0.927,-0.7,0.921,-1.17,0.62,-0.0054,185
2026-08-17 12:00:01,13768,0.5033,0.927,-0.7,0.917,-1.23,0.76,-0.0065,185
2026-08-17 18:00:01,13810,0.5036,0.927,-0.7,0.919,-1.21,0.79,-0.0068,185
2026-08-18 00:00:01,13854,0.5035,0.927,-0.7,0.919,-1.21,0.86,-0.0073,185
2026-08-18 06:00:01,13891,0.5038,0.927,-0.7,0.917,-1.23,0.88,-0.0075,185
2026-08-18 12:00:02,13933,0.5039,0.923,-0.74,0.916,-1.26,0.9,-0.0077,186
2026-08-18 18:00:02,13986,0.5039,0.928,-0.69,0.916,-1.26,0.94,-0.008,187
2026-08-19 00:00:02,14032,0.504,0.928,-0.69,0.915,-1.27,0.94,-0.008,187
2026-08-19 06:00:02,14066,0.5041,0.928,-0.69,0.915,-1.27,1.1,-0.0094,187
2026-08-19 12:00:02,14115,0.5039,0.924,-0.73,0.912,-1.32,1.08,-0.0091,188
2026-08-19 18:00:01,14151,0.5039,0.924,-0.73,0.912,-1.32,1.09,-0.0092,188
2026-08-20 00:00:01,14189,0.5039,0.924,-0.73,0.91,-1.35,1.09,-0.0092,188
2026-08-20 06:00:01,14235,0.504,0.924,-0.73,0.909,-1.37,1.09,-0.0092,188
2026-08-20 12:00:01,14264,0.5039,0.924,-0.73,0.909,-1.37,1.15,-0.0097,188
2026-08-20 18:00:01,14315,0.5042,0.951,-0.48,0.918,-1.24,1.19,-0.01,189
2026-08-21 00:00:02,14351,0.5046,0.951,-0.47,0.916,-1.27,1.19,-0.01,189
2026-08-21 06:00:02,14392,0.5046,0.947,-0.52,0.914,-1.3,1.13,-0.0095,190
2026-08-21 12:00:01,14449,0.5046,0.943,-0.55,0.913,-1.32,1.22,-0.0102,191
2026-08-21 18:00:02,14511,0.5046,0.938,-0.6,0.918,-1.25,1.05,-0.0088,192
2026-08-22 00:00:02,14555,0.5046,0.934,-0.64,0.918,-1.25,1.05,-0.0087,193
2026-08-22 06:00:02,14591,0.5048,0.934,-0.64,0.916,-1.28,1.06,-0.0089,193
2026-08-22 12:00:02,14636,0.5046,0.934,-0.64,0.916,-1.28,1.09,-0.009,193
